Weight,Age,Height,level
64.0,21.0,1.62,2
56.0,21.0,1.52,2
77.0,23.0,1.8,2
87.0,27.0,1.8,3
89.8,22.0,1.78,3
53.0,29.0,1.62,2
55.0,23.0,1.5,2
53.0,22.0,1.64,2
64.0,24.0,1.78,2
68.0,22.0,1.72,2
105.0,26.0,1.85,4
80.0,21.0,1.72,3
56.0,22.0,1.65,2
99.0,41.0,1.8,4
60.0,23.0,1.77,2
66.0,22.0,1.7,2
102.0,27.0,1.93,3
78.0,29.0,1.53,4
82.0,30.0,1.71,3
70.0,23.0,1.65,3
80.0,22.0,1.65,3
87.0,52.0,1.69,4
60.0,22.0,1.65,2
82.0,22.0,1.6,4
68.0,21.0,1.85,2
50.0,20.0,1.6,2
65.0,21.0,1.7,2
52.0,23.0,1.6,2
76.0,19.0,1.75,2
70.0,23.0,1.68,2
83.0,29.0,1.77,3
68.0,31.0,1.58,3
76.0,24.0,1.77,2
90.0,39.0,1.79,3
62.0,22.0,1.65,2
65.0,21.0,1.5,3
49.0,22.0,1.56,2
48.0,21.0,1.6,2
67.0,23.0,1.65,2
88.0,21.0,1.75,3
75.0,21.0,1.67,3
60.0,23.0,1.68,2
64.0,21.0,1.66,2
62.0,21.0,1.66,2
80.0,21.0,1.81,2
65.0,21.0,1.53,3
72.0,21.0,1.82,2
72.0,21.0,1.75,2
60.0,20.0,1.66,2
50.0,21.0,1.55,2
54.5,21.0,1.61,2
44.0,20.0,1.5,2
52.0,23.0,1.64,2
55.0,23.0,1.63,2
55.0,22.0,1.6,2
62.0,23.0,1.68,2
70.0,22.0,1.7,2
65.0,21.0,1.64,2
67.0,17.0,1.65,2
55.0,20.0,1.76,1
49.0,21.0,1.55,2
58.0,20.0,1.65,2
62.0,22.0,1.67,2
55.0,22.0,1.68,2
57.0,21.0,1.66,2
69.0,21.0,1.62,3
90.0,23.0,1.8,3
95.0,23.0,1.65,4
112.0,30.0,1.76,4
60.0,23.0,1.8,2
80.0,23.0,1.65,3
50.0,22.0,1.67,1
60.0,24.0,1.65,2
65.0,19.0,1.85,2
85.0,24.0,1.7,3
45.0,23.0,1.63,1
45.0,24.0,1.6,1
80.0,24.0,1.7,3
90.0,23.0,1.65,4
60.0,23.0,1.65,2
58.0,19.0,1.63,2
91.0,30.0,1.8,3
85.5,23.0,1.67,4
45.0,19.0,1.6,1
83.0,25.0,1.7,3
58.5,23.0,1.65,2
83.0,21.0,1.85,2
87.0,19.0,1.82,3
65.0,22.0,1.65,2
78.0,29.0,1.7,3
93.0,25.0,1.63,4
64.0,20.0,1.61,2
84.0,55.0,1.78,3
57.0,20.0,1.6,2
48.0,24.0,1.6,2
70.0,26.0,1.7,2
60.0,23.0,1.66,2
42.0,21.0,1.52,1
42.0,21.0,1.52,1
70.0,23.0,1.72,2
63.0,21.0,1.69,2
66.4,22.0,1.7,2
57.0,21.0,1.55,2
58.0,22.0,1.65,2
80.0,38.0,1.56,4
55.0,25.0,1.57,2
55.0,25.0,1.57,2
90.0,22.0,1.88,3
95.0,22.0,1.75,4
88.0,21.0,1.65,4
75.0,21.0,1.75,2
58.0,22.0,1.58,2
51.0,18.0,1.56,2
49.0,22.0,1.5,2
62.0,19.0,1.61,2
57.0,17.0,1.75,2
86.0,15.0,1.65,4
85.0,17.0,1.7,3
53.0,23.0,1.62,2
76.0,19.0,1.63,3
75.0,23.0,1.67,3
95.0,23.0,1.87,3
50.0,21.0,1.75,1
67.0,24.0,1.66,2
90.0,23.0,1.76,3
80.0,18.0,1.75,3
68.0,19.0,1.67,2
61.0,19.0,1.65,2
70.0,20.0,1.72,2
78.0,27.0,1.7,3
53.0,20.0,1.58,2
58.0,23.0,1.62,2
56.0,19.0,1.65,2
66.0,61.0,1.65,2
109.0,30.0,1.77,4
75.0,24.0,1.7,3
72.0,25.0,1.79,2
80.0,44.0,1.6,4
75.0,31.0,1.76,2
68.0,25.0,1.7,2
65.0,23.0,1.89,1
66.0,25.0,1.87,2
93.5,23.0,1.74,4
75.0,34.0,1.68,3
67.0,22.0,1.61,3
70.0,21.0,1.62,3
51.0,24.0,1.56,2
80.0,36.0,1.63,4
61.0,27.0,1.6,2
90.0,32.0,1.67,4
78.0,25.0,1.78,2
59.0,30.0,1.62,2
60.0,38.0,1.5,3
84.0,34.0,1.69,3
94.0,22.0,1.74,4
63.0,31.0,1.68,2
45.0,35.0,1.53,2
60.0,21.0,1.67,2
62.0,40.0,1.55,3
78.0,27.0,1.64,3
72.0,20.0,1.83,2
80.0,55.0,1.65,3
60.0,21.0,1.63,2
75.0,25.0,1.89,2
85.0,35.0,1.77,3
130.0,30.0,1.92,4
72.0,29.0,1.74,2
80.0,20.0,1.65,3
79.0,22.0,1.73,3
77.0,45.0,1.63,3
82.0,22.0,1.72,3
58.0,18.0,1.6,2
59.0,23.0,1.65,2
64.0,18.0,1.74,2
70.0,21.0,1.62,3
59.8,38.0,1.64,2
48.0,18.0,1.57,2
84.0,22.0,1.84,2
84.0,26.0,1.91,2
70.0,21.0,1.62,3
48.0,18.0,1.58,2
67.0,23.0,1.68,2
52.0,22.0,1.68,1
60.0,23.0,1.48,3
70.0,21.0,1.62,3
68.0,31.0,1.62,3
96.0,39.0,1.78,4
98.0,25.0,1.78,4
105.0,35.0,1.78,4
62.0,33.0,1.63,2
56.0,20.0,1.6,2
80.0,26.0,1.75,3
85.0,20.0,1.83,3
68.0,20.0,1.78,2
83.0,23.0,1.6,4
85.0,19.0,1.8,3
74.0,22.0,1.75,2
118.0,41.0,1.75,4
40.0,18.0,1.59,1
60.0,23.0,1.66,2
83.0,23.0,1.63,4
80.0,41.0,1.54,4
102.0,26.0,1.56,4
90.0,29.0,1.69,4
71.0,27.0,1.83,2
78.0,23.0,1.6,4
100.0,19.0,1.75,4
73.0,30.0,1.75,2
65.0,22.0,1.69,2
65.0,22.0,1.69,2
114.0,20.0,1.8,4
51.0,21.0,1.63,2
63.0,24.0,1.5,3
62.0,21.0,1.8,2
53.0,21.0,1.65,2
70.0,21.0,1.68,2
63.0,23.0,1.6,2
75.0,21.0,1.71,3
42.3,21.0,1.5,2
68.0,21.0,1.6,3
78.0,21.0,1.75,3
82.0,23.0,1.72,3
66.5,21.0,1.72,2
63.0,22.0,1.61,2
82.0,23.0,1.63,4
121.0,25.0,1.83,4
50.0,20.0,1.6,2
58.0,24.0,1.62,2
80.0,40.0,1.68,3
120.0,32.0,1.75,4
91.0,20.0,1.9,3
66.0,21.0,1.63,2
50.0,51.0,1.59,2
77.0,34.0,1.68,3
49.0,19.0,1.59,2
70.0,19.0,1.69,2
59.0,21.0,1.66,2
53.0,19.0,1.64,2
53.0,20.0,1.62,2
64.0,19.0,1.7,2
65.0,17.0,1.63,2
66.0,22.0,1.6,3
64.0,20.0,1.63,2
99.0,33.0,1.85,3
49.0,21.0,1.54,2
49.0,20.0,1.64,1
60.0,20.0,1.57,2
52.0,20.0,1.62,2
72.0,21.0,1.72,2
78.0,21.0,1.76,3
75.0,20.0,1.65,3
78.0,20.0,1.67,3
90.0,56.0,1.79,3
47.0,26.0,1.59,2
56.0,22.0,1.64,2
81.0,19.0,1.78,3
85.0,18.0,1.75,3
115.0,19.0,1.85,4
80.0,18.0,1.7,3
91.0,18.0,1.67,4
75.0,21.0,1.72,3
73.0,28.0,1.7,3
70.0,18.0,1.74,2
53.0,23.0,1.74,1
67.0,18.0,1.87,2
50.0,18.0,1.7,1
50.0,39.0,1.65,1
78.0,38.0,1.7,3
60.0,17.0,1.67,2
66.0,23.0,1.72,2
107.0,23.0,1.82,4
50.0,19.0,1.5,2
60.0,18.0,1.7,2
71.0,25.0,1.71,2
61.0,25.0,1.61,2
50.0,18.0,1.5,2
50.0,16.0,1.67,1
67.0,21.0,1.82,2
57.0,32.0,1.57,2
52.0,18.0,1.79,1
62.0,21.0,1.75,2
55.0,18.0,1.7,2
55.0,18.0,1.62,2
60.0,17.0,1.69,2
70.0,20.0,1.77,2
105.0,21.0,1.79,4
61.0,21.0,1.6,2
58.0,18.0,1.6,2
51.0,17.0,1.56,2
79.0,19.0,1.88,2
71.0,16.0,1.82,2
58.0,17.0,1.8,1
65.0,21.0,1.7,2
75.0,19.0,1.82,2
110.0,18.0,1.86,4
58.0,16.0,1.66,2
53.0,21.0,1.53,2
80.0,26.0,1.74,3
80.0,18.0,1.8,2
75.0,23.0,1.7,3
70.0,26.0,1.7,2
55.0,18.0,1.72,2
45.0,16.0,1.84,1
49.0,16.0,1.57,2
85.0,20.0,1.8,3
120.0,23.0,1.75,4
60.0,24.0,1.56,2
48.0,23.0,1.59,2
75.0,20.0,1.8,2
58.0,16.0,1.66,2
57.0,17.0,1.79,1
62.0,17.0,1.72,2
57.0,16.0,1.6,2
56.0,17.0,1.66,2
63.0,26.0,1.65,2
72.0,26.0,1.7,2
75.0,38.0,1.75,2
70.0,18.0,1.75,2
45.0,25.0,1.56,2
63.0,27.0,1.55,3
67.0,21.0,1.67,2
75.0,38.0,1.75,2
56.0,23.0,1.75,1
72.0,18.0,1.8,2
71.0,30.0,1.65,3
58.0,21.0,1.55,2
55.3,18.0,1.7,2
76.0,23.0,1.72,3
74.0,19.0,1.74,2
82.0,19.0,1.65,4
50.0,17.0,1.8,1
56.0,17.0,1.74,2
75.0,27.0,1.85,2
56.0,23.0,1.7,2
53.0,18.0,1.45,3
50.0,19.0,1.7,1
65.0,20.0,1.7,2
64.4,18.0,1.78,2
65.0,17.0,1.6,3
42.0,19.0,1.53,1
72.0,21.0,1.8,2
50.0,20.0,1.6,2
105.0,23.0,1.74,4
66.0,23.0,1.65,2
173.0,18.0,1.87,4
55.0,17.0,1.7,2
47.0,21.0,1.54,2
97.0,17.0,1.8,3
80.0,18.0,1.82,2
125.0,20.0,1.98,4
70.0,17.0,1.75,2
60.0,26.0,1.65,2
53.0,17.0,1.6,2
51.0,24.0,1.6,2
59.0,17.0,1.6,2
62.0,27.0,1.55,3
60.0,17.0,1.9,1
56.0,17.0,1.7,2
110.0,41.0,1.75,4
48.0,33.0,1.56,2
75.0,20.0,1.87,2
80.0,40.0,1.56,4
73.0,37.0,1.65,3
80.0,19.0,1.8,2
86.0,24.0,1.84,3
68.0,24.0,1.7,2
83.0,33.0,1.72,3
63.0,40.0,1.58,3
83.0,37.0,1.68,3
74.0,20.0,1.58,3
60.0,19.0,1.8,2
69.0,17.0,1.62,3
58.0,18.0,1.62,2
56.0,21.0,1.54,2
70.0,18.0,1.76,2
92.0,41.0,1.8,3
60.0,36.0,1.58,2
68.0,18.0,1.76,2
70.0,18.0,1.73,2
70.0,17.0,1.7,2
83.0,25.0,1.7,3
75.0,21.0,1.8,2
56.0,29.0,1.6,2
98.0,17.0,1.7,4
60.0,18.0,1.6,2
45.0,16.0,1.55,2
53.0,18.0,1.59,2
75.0,37.0,1.5,4
108.0,18.0,1.78,4
65.0,16.0,1.61,3
50.0,23.0,1.71,1
50.0,18.0,1.7,1
69.5,18.0,1.76,2
78.0,18.0,1.7,3
55.0,17.0,1.53,2
39.0,20.0,1.54,1
59.0,38.0,1.55,2
60.0,20.0,1.66,2
125.0,21.0,1.85,4
60.0,21.0,1.65,2
70.0,18.0,1.65,3
82.0,26.0,1.83,2
99.0,27.0,1.83,3
112.0,26.0,1.66,4
73.0,34.0,1.78,2
86.0,18.0,1.74,3
66.5,33.0,1.76,2
59.0,19.0,1.51,3
79.0,20.0,1.81,2
55.0,33.0,1.55,2
66.0,20.0,1.83,2
65.0,20.0,1.6,3
85.0,33.0,1.85,2
85.0,33.0,1.75,3
113.0,33.0,1.83,4
72.0,14.0,1.71,2
88.0,34.0,1.84,3
87.0,18.0,1.77,3
90.0,18.0,1.7,4
89.0,29.0,1.62,4
60.0,18.0,1.85,1
60.0,18.0,1.84,1
58.0,19.0,1.75,2
93.0,33.0,1.85,3
76.0,33.0,1.74,3
53.8,19.0,1.61,2
70.0,22.0,1.75,2
60.0,20.0,1.67,2
69.0,23.0,1.7,2
80.0,26.0,1.9,2
85.0,18.0,1.65,4
55.0,18.0,1.6,2
70.0,19.0,1.8,2
59.0,18.0,1.64,2
87.0,19.0,1.89,2
80.0,19.0,1.76,3
55.0,18.0,1.56,2
56.0,18.0,1.6,2
64.0,19.0,1.67,2
60.0,19.0,1.6,2
56.0,18.0,1.55,2
50.0,18.0,1.55,2
65.0,26.0,1.72,2
53.0,18.0,1.72,1
60.0,19.0,1.7,2
45.0,19.0,1.51,2
82.0,19.0,1.83,2
87.0,19.0,1.8,3
100.5,24.0,1.6,4
63.0,18.0,1.63,2
71.0,19.0,1.71,2
65.0,19.0,1.7,2
69.0,23.0,1.75,2
50.0,18.0,1.62,2
68.0,20.0,1.68,2
66.0,18.0,1.85,2
60.0,33.0,1.59,2
45.0,19.0,1.5,2
60.0,19.0,1.69,2
79.0,19.0,1.76,3
55.0,18.0,1.62,2
100.0,21.0,1.71,4
88.0,27.0,1.72,3
68.0,17.0,1.8,2
86.0,18.0,1.93,2
51.0,18.0,1.6,2
75.0,22.0,1.74,2
75.0,22.0,1.74,2
45.0,20.0,1.62,1
42.0,19.0,1.54,1
51.5,20.0,1.56,2
83.0,18.0,1.6,4
71.0,18.0,1.54,3
51.0,18.0,1.63,2
64.0,19.0,1.78,2
68.0,18.0,1.62,3
75.0,18.0,1.71,3
56.0,18.0,1.64,2
65.0,19.0,1.69,2
50.0,17.0,1.58,2
50.0,18.0,1.57,2
64.0,18.0,1.74,2
53.5,20.0,1.58,2
58.0,18.0,1.5,3
80.0,36.0,1.65,3
73.0,21.0,1.8,2
75.0,23.0,1.75,2
104.0,20.0,1.84,4
84.0,21.0,1.88,2
50.0,19.0,1.56,2
84.0,24.0,1.75,3
68.0,25.0,1.66,2
86.0,45.0,1.7,3
65.0,20.0,1.8,2
66.0,18.0,1.67,2
60.0,19.0,1.8,2
53.0,18.0,1.72,1
45.0,20.0,1.56,2
104.572712,25.196214,1.686306,4
126.67378,18.503343,1.683124,4
110.79263,26.0,1.622397,4
137.796884,21.853826,1.755643,4
165.057269,21.90012,1.843419,4
133.03441,18.306615,1.7456,4
111.485516,26.0,1.630927,4
104.826776,26.0,1.629191,4
133.963349,21.849705,1.770612,4
54.927529,19.799054,1.743702,1
55.695036,17.188754,1.771915,1
55.879263,22.285024,1.75376,1
51.154201,22.0,1.675446,1
49.869791,21.02497,1.666203,1
51.965521,22.038327,1.711467,1
44.845655,21.243142,1.598019,1
42.848033,22.142432,1.59611,1
43.919835,21.962426,1.57206,1
43.087508,21.491055,1.586952,1
44.581159,22.717943,1.59559,1
45.0,23.501249,1.6,1
45.0,18.535075,1.688025,1
42.339767,19.0,1.556211,1
42.096062,19.0,1.564199,1
41.324558,20.254534,1.56948,1
42.0,21.0,1.52,1
44.641796,20.225396,1.550648,1
42.0,19.86997,1.520997,1
42.0,20.147114,1.528011,1
42.0,21.0,1.52,1
50.890363,21.996523,1.733263,1
50.833029,21.376426,1.722527,1
50.0,19.724106,1.734832,1
64.106108,23.0,1.882779,1
63.611109,22.851834,1.854592,1
58.854416,23.0,1.835643,1
52.0,18.216032,1.755507,1
51.598593,21.81119,1.71266,1
52.0,18.164768,1.694265,1
41.452385,18.871794,1.586895,1
41.890204,18.766033,1.579561,1
41.397378,18.540535,1.564568,1
49.742931,19.88036,1.670635,1
49.660995,19.717249,1.688426,1
49.039794,19.633898,1.66084,1
50.287967,23.0,1.710182,1
53.699561,20.406871,1.755978,1
51.442293,23.0,1.728834,1
49.838965,19.058511,1.662017,1
50.0,18.827008,1.7,1
49.932199,19.314964,1.661403,1
49.516027,29.970445,1.610863,1
46.655622,32.383858,1.640688,1
49.839685,24.163526,1.64603,1
51.588874,17.038222,1.710564,1
50.0,16.30687,1.752755,1
52.629374,16.198153,1.691007,1
51.457226,18.0,1.753349,1
50.869704,18.0,1.781543,1
52.331172,18.0,1.755823,1
58.943347,17.486869,1.836669,1
57.790381,19.920629,1.768493,1
57.145917,18.426619,1.777108,1
43.365005,17.082867,1.640824,1
44.411801,17.000433,1.584951,1
47.124717,16.270434,1.818268,1
59.682591,17.908114,1.793926,1
58.968994,17.120699,1.809251,1
55.700497,19.329542,1.767335,1
54.98774,22.377998,1.699568,1
55.01045,20.954955,1.759358,1
54.166453,22.991668,1.740295,1
49.649613,19.300435,1.739354,1
49.603807,17.065445,1.647811,1
49.597765,19.084967,1.768435,1
50.0,18.024853,1.7,1
49.676046,19.833682,1.699464,1
50.0,17.767432,1.74379,1
42.367615,19.504696,1.590317,1
42.0,19.950605,1.527133,1
42.0,19.0,1.530875,1
59.409018,17.0,1.848294,1
59.295172,17.0,1.824414,1
59.258372,18.525525,1.856633,1
50.0,22.926352,1.715597,1
49.945233,21.785351,1.675054,1
51.073918,23.0,1.717601,1
50.0,17.402028,1.710756,1
50.0,18.0,1.7,1
50.0,18.48207,1.7,1
39.850137,18.53084,1.573816,1
39.371523,19.94814,1.530884,1
40.343463,20.400053,1.529724,1
56.307019,19.556729,1.767563,1
60.0,17.70368,1.883364,1
58.621349,18.274358,1.824655,1
60.0,18.0,1.840138,1
58.325122,17.210933,1.819557,1
59.612717,17.469417,1.798645,1
50.92538,18.0,1.7108,1
51.121749,18.0,1.70653,1
51.149283,18.0,1.716691,1
44.188767,19.010211,1.555431,1
45.0,19.091346,1.603923,1
45.0,19.773303,1.602082,1
42.0,19.483036,1.53777,1
42.0,19.0,1.538398,1
42.0,19.407204,1.520862,1
51.7325,18.0,1.717826,1
54.121925,18.424941,1.753389,1
50.157707,18.0,1.70165,1
54.997374,19.97981,1.75336,1
49.980968,21.798856,1.672007,1
44.050251,22.209706,1.593847,1
44.376637,23.018443,1.584785,1
45.0,19.376997,1.600264,1
41.557468,20.971429,1.549311,1
41.96525,20.345161,1.534385,1
49.815599,20.519916,1.725548,1
63.199726,20.406066,1.868931,1
51.256059,21.478496,1.686936,1
40.202773,18.372563,1.589829,1
49.026214,19.931667,1.653209,1
53.65727,22.998709,1.740108,1
50.0,18.006742,1.7,1
50.0,34.799519,1.689141,1
50.0,16.496978,1.691206,1
51.552595,18.0,1.788459,1
58.83071,17.377131,1.811238,1
43.534531,16.611837,1.830068,1
56.029418,17.080493,1.782756,1
55.967655,22.970655,1.751691,1
50.0,17.764764,1.78656,1
50.0,19.272573,1.71367,1
42.006282,19.0,1.540375,1
59.895052,17.06713,1.896734,1
50.079991,23.0,1.710129,1
50.631889,18.0,1.704193,1
39.695295,19.054008,1.556611,1
60.0,18.0,1.845399,1
59.990861,17.491272,1.834637,1
52.514302,18.0,1.721854,1
44.661461,20.172661,1.605521,1
42.0,19.220108,1.530266,1
52.058335,18.0,1.71889,1
54.98234,19.96247,1.756338,1
55.695253,17.580627,1.770324,1
56.265959,21.125098,1.767479,1
51.437985,22.033129,1.704223,1
49.803921,20.744839,1.667852,1
51.881263,22.547298,1.722461,1
44.236067,21.837996,1.588046,1
42.993937,23.035829,1.598612,1
44.00945,21.529439,1.592379,1
42.3601,21.287999,1.555778,1
44.594588,23.444286,1.596466,1
44.918255,22.329041,1.598393,1
45.0,18.91505,1.633316,1
42.12617,19.0,1.559567,1
42.069992,19.052833,1.546551,1
41.706283,19.59904,1.566501,1
42.0,21.0,1.52,1
44.810751,19.673262,1.599486,1
41.952805,20.244359,1.559186,1
42.0,20.552695,1.523426,1
42.0,21.0,1.52,1
51.107925,21.997683,1.689441,1
50.479039,21.274628,1.737453,1
50.0,18.909439,1.732096,1
61.411141,22.396504,1.869098,1
61.264785,19.084317,1.851123,1
58.585146,21.084625,1.787264,1
52.0,18.068767,1.787787,1
51.710723,21.813083,1.712515,1
51.692272,18.038422,1.698914,1
41.669346,18.874591,1.533609,1
41.934368,19.21164,1.567981,1
41.535047,18.988581,1.544263,1
49.804245,19.408999,1.670552,1
49.105025,19.665881,1.676346,1
49.125955,19.758286,1.667404,1
50.173425,22.422674,1.70011,1
54.567343,20.242237,1.75633,1
51.607091,22.637018,1.703584,1
49.895716,19.007177,1.690727,1
50.0,18.288205,1.713564,1
49.713944,19.314429,1.67231,1
49.558304,27.14823,1.660446,1
46.062954,25.380557,1.630379,1
50.424661,22.867719,1.655413,1
51.216463,17.729923,1.732862,1
50.0,16.834813,1.74402,1
52.09432,17.521754,1.757958,1
51.524444,18.0,1.786758,1
51.132809,18.0,1.767058,1
52.08657,18.128249,1.699437,1
58.913579,17.405104,1.82525,1
58.19515,19.72925,1.793315,1
57.275946,18.525834,1.776989,1
42.656563,18.595614,1.609495,1
44.762023,16.613108,1.777929,1
45.248627,16.928791,1.710948,1
59.881316,17.758315,1.854162,1
59.605028,17.282945,1.821514,1
55.511075,19.993154,1.762073,1
54.835576,22.935612,1.732307,1
55.003417,20.738469,1.759933,1
54.877111,22.99368,1.741377,1
49.650897,19.317148,1.731195,1
49.928447,16.910997,1.74823,1
49.699672,19.071027,1.756865,1
50.088468,18.019572,1.701378,1
49.98297,19.735968,1.699956,1
50.0,18.094079,1.723328,1
42.541794,19.054938,1.585886,1
42.0,20.850119,1.524926,1
42.0,19.349258,1.52337,1
59.313525,17.0,1.844749,1
59.619485,17.203917,1.853325,1
59.20945,17.671064,1.854706,1
50.0,21.310907,1.72064,1
50.165754,21.708354,1.704167,1
51.491957,22.176922,1.71746,1
50.0,17.823438,1.708406,1
50.279053,18.0,1.763465,1
50.0,18.281092,1.7,1
41.220175,18.656912,1.574017,1
39.101805,19.994543,1.537739,1
41.268597,20.255616,1.534223,1
55.3707,19.865895,1.76033,1
60.0,17.888073,1.841879,1
58.673963,18.470562,1.856406,1
59.933015,17.925497,1.829142,1
58.443049,17.000752,1.822084,1
59.243506,17.362129,1.80671,1
50.664459,18.0,1.707259,1
51.314659,18.0,1.708107,1
50.951444,18.0,1.739344,1
44.316254,19.029494,1.573987,1
44.753943,19.269079,1.58092,1
45.0,19.946244,1.603435,1
42.0,19.639431,1.53535,1
42.0,19.0,1.53161,1
42.0,19.434709,1.525691,1
52.289828,18.0,1.719827,1
53.783977,18.381382,1.722547,1
50.248677,18.0,1.738702,1
86.963765,26.69858,1.816298,3
70.0,21.125836,1.638085,3
85.637789,25.191627,1.813678,3
75.5771,21.963457,1.697228,3
68.869791,21.0,1.617469,3
88.965521,19.114981,1.855543,3
82.919584,41.823567,1.721854,3
86.413388,21.142432,1.855353,3
75.0,21.962426,1.696336,3
80.0,18.836315,1.751631,3
75.0,23.572648,1.698346,3
74.803157,33.700749,1.642971,3
68.126955,21.845025,1.613668,3
68.226511,21.0,1.605404,3
62.903938,35.125401,1.529834,3
62.337721,36.769646,1.55,3
78.175706,21.868932,1.731261,3
70.0,22.549208,1.629194,3
70.0,21.0,1.62,3
70.0,21.0,1.62,3
68.803694,30.958957,1.633491,3
79.109637,21.017383,1.752391,3
85.833029,19.623574,1.818226,3
85.0,19.637947,1.809101,3
75.0,21.413642,1.709484,3
67.722222,21.029633,1.607082,3
75.951472,22.667596,1.718939,3
89.652557,20.0,1.831357,3
66.401407,21.81119,1.6,3
77.929204,21.0,1.754813,3
80.273807,18.128206,1.778447,3
75.0,21.0,1.709561,3
71.602622,29.08107,1.674568,3
82.228794,26.358919,1.755317,3
75.0,22.717249,1.708071,3
85.079589,19.816949,1.806947,3
64.808022,24.023972,1.599697,3
72.748903,32.593129,1.721903,3
75.480764,23.0,1.712556,3
54.93242,16.941489,1.551288,3
65.0,16.172992,1.603842,3
62.339003,23.71259,1.588597,3
73.193589,35.194089,1.673482,3
88.675503,23.172982,1.858624,3
63.320629,37.218161,1.593894,3
69.529625,19.076443,1.62,3
67.183128,16.30687,1.616366,3
70.0,18.297229,1.637396,3
60.628321,18.610761,1.550723,3
65.0,17.451085,1.6,3
87.668828,29.740496,1.820471,3
73.641633,31.539393,1.657496,3
80.0,18.026457,1.752123,3
88.138777,19.47554,1.857231,3
79.544998,19.0,1.76,3
68.392133,18.0,1.644682,3
76.699774,18.270434,1.737165,3
64.259379,19.816228,1.507853,3
87.286783,28.39124,1.81006,3
86.981202,26.758516,1.80179,3
70.0,21.033794,1.625891,3
70.0,22.429812,1.64037,3
83.26312,26.650419,1.791047,3
75.0,21.618246,1.679306,3
68.653347,21.012542,1.615145,3
68.77185,21.071195,1.616467,3
86.522799,19.741202,1.816783,3
86.748295,19.21638,1.812472,3
75.62931,42.24475,1.768231,3
89.251639,22.283082,1.870931,3
89.558854,21.086512,1.863685,3
75.0,23.451595,1.670227,3
75.948164,22.740275,1.717288,3
79.828725,18.900253,1.750359,3
75.306702,23.170309,1.707557,3
74.812707,32.997118,1.672446,3
74.959747,32.501143,1.675979,3
67.939653,21.938831,1.611239,3
68.06609,21.909534,1.611356,3
70.0,21.0,1.62,3
63.183846,37.455752,1.508908,3
62.871794,40.0,1.561109,3
63.011645,38.943282,1.554728,3
78.55444,21.987341,1.730182,3
78.88036,21.198217,1.743841,3
70.0,21.0,1.62,3
70.0,21.0,1.62,3
70.0,21.0,1.62,3
70.0,21.0,1.62,3
70.0,21.0,1.62,3
69.906708,29.32038,1.642506,3
71.927379,31.255587,1.69308,3
79.414603,22.851773,1.752115,3
80.0,26.0,1.745033,3
85.0,19.789291,1.820643,3
85.073801,19.895877,1.80733,3
85.0,19.693804,1.8,3
85.255631,19.226314,1.814255,3
75.057177,21.652229,1.700181,3
68.016472,21.687409,1.604697,3
68.107866,21.455463,1.611,3
77.956921,21.0,1.754497,3
77.965532,21.0,1.752944,3
87.105828,19.337404,1.859927,3
90.52446,21.701643,1.896073,3
66.621646,21.620245,1.605314,3
78.370039,21.012569,1.758628,3
78.300084,21.016623,1.755427,3
80.091886,19.0,1.779882,3
75.0,21.0,1.712061,3
75.0,21.0,1.676014,3
74.244004,27.899784,1.7,3
82.045045,28.825223,1.765874,3
80.018571,26.047077,1.74595,3
75.0,23.0,1.690196,3
85.0,20.0,1.81748,3
65.363941,21.832995,1.580964,3
73.575981,30.255744,1.652084,3
69.168978,30.613586,1.645511,3
75.383716,23.245408,1.707968,3
55.523481,18.0,1.456346,3
55.376512,18.0,1.498561,3
65.0,16.950499,1.603501,3
63.597633,21.837058,1.558045,3
62.877347,27.0,1.55,3
73.91692,35.483601,1.647514,3
86.098523,23.801436,1.855779,3
87.083266,23.367212,1.853223,3
62.211572,40.0,1.570811,3
67.913561,16.38009,1.617124,3
67.439589,16.865984,1.644053,3
65.0,16.093234,1.608914,3
68.818893,18.0,1.647971,3
69.975607,18.83919,1.624831,3
61.10403,19.726522,1.508267,3
60.267427,18.947102,1.518917,3
65.0,17.781183,1.6,3
87.85785,33.100581,1.838791,3
75.920519,33.251015,1.730379,3
80.0,18.985119,1.759117,3
80.0,18.871917,1.755254,3
85.196279,19.478533,1.804099,3
86.144904,19.429723,1.813567,3
78.721696,20.979254,1.75655,3
79.989789,18.869151,1.756774,3
69.3899,18.236087,1.62,3
75.0,20.901393,1.709585,3
57.259124,17.08525,1.535618,3
87.032398,25.785925,1.818848,3
87.107317,26.787842,1.817641,3
70.0,21.037514,1.636592,3
70.0,21.00829,1.621412,3
85.770013,26.70371,1.802871,3
75.399191,21.731497,1.696201,3
75.0522,21.052894,1.694633,3
68.981403,21.0,1.618148,3
88.633616,19.241058,1.856811,3
86.934846,38.939448,1.738321,3
80.914382,39.965474,1.739293,3
85.316125,20.261925,1.807538,3
85.228116,20.31094,1.849425,3
75.0,21.420537,1.712473,3
80.0,18.845518,1.753471,3
75.371244,23.562135,1.717432,3
75.0,23.118327,1.677573,3
74.885222,33.732714,1.679725,3
68.058902,21.571288,1.600914,3
68.908136,21.165574,1.617749,3
68.865008,21.0,1.610209,3
69.463458,21.0,1.612556,3
62.341438,38.692265,1.548178,3
62.855073,38.952866,1.568441,3
62.417228,36.631456,1.532322,3
78.997062,21.996118,1.730199,3
78.429312,21.951309,1.730167,3
70.0,22.018228,1.627396,3
70.0,21.0,1.62,3
70.0,21.0,1.62,3
70.0,21.0,1.62,3
69.242354,29.934465,1.638744,3
71.81338,31.166572,1.680858,3
79.469513,20.534606,1.758372,3
85.084364,19.97166,1.822573,3
85.302146,19.627,1.815409,3
75.0,21.929387,1.698049,3
67.773914,21.009437,1.60681,3
67.999778,21.538225,1.610327,3
75.142858,22.828435,1.710415,3
75.688433,22.814657,1.716289,3
89.429199,19.576682,1.834715,3
67.140367,21.814653,1.611822,3
66.126964,21.979769,1.6,3
77.97917,21.0,1.753578,3
78.664618,21.0285,1.742364,3
80.113493,18.721041,1.775626,3
75.0,21.0,1.714253,3
75.0,21.0,1.693628,3
71.170001,29.463168,1.659172,3
82.329047,24.284861,1.776347,3
82.694689,26.288417,1.767806,3
75.0,23.455324,1.702516,3
85.301029,19.637203,1.814182,3
65.423942,22.239836,1.59994,3
72.906186,31.62638,1.666023,3
75.093569,23.0,1.701584,3
75.828119,22.874658,1.713343,3
53.620604,17.420269,1.489409,3
55.822119,17.807828,1.518067,3
65.062945,16.240576,1.616533,3
65.127324,23.252457,1.589616,3
73.501233,34.772902,1.675612,3
89.754302,22.766227,1.874061,3
62.631382,39.214514,1.580765,3
69.575315,19.858973,1.62,3
66.738769,16.370009,1.613921,3
67.193585,17.992717,1.618683,3
70.0,19.179932,1.637537,3
61.616,19.621545,1.566524,3
63.856193,19.755797,1.542328,3
65.0,17.099015,1.6,3
65.0,17.25813,1.600184,3
87.070234,29.153907,1.773656,3
74.147443,32.278869,1.64602,3
73.810728,31.793937,1.65015,3
80.0,18.014333,1.751029,3
89.496905,19.685,1.838266,3
87.656029,19.506389,1.824449,3
79.349221,19.0,1.76,3
68.250249,18.0,1.622241,3
75.816864,18.003153,1.729996,3
75.970712,18.052394,1.725233,3
64.726948,19.774317,1.541039,3
89.28282,21.180346,1.773766,3
89.068227,21.793724,1.75463,3
80.0,20.880161,1.674327,3
80.555875,21.18354,1.72,3
101.482054,32.774488,1.913241,3
82.523113,31.327609,1.737984,3
82.207978,29.956198,1.703688,3
80.0,21.403421,1.716308,3
80.0,22.591439,1.65,3
65.522744,28.583944,1.57856,3
85.687751,38.825189,1.780846,3
91.630257,35.217173,1.823168,3
65.220249,20.392665,1.525234,3
61.373868,22.154854,1.481682,3
87.803311,19.108796,1.768578,3
69.743323,20.70768,1.569878,3
67.904023,20.634694,1.568188,3
89.994415,22.052152,1.792527,3
89.868784,22.869778,1.795311,3
80.0,22.909992,1.700038,3
80.458343,23.0,1.668649,3
84.687554,24.679807,1.7,3
83.952968,23.884212,1.713825,3
78.055968,25.461411,1.7,3
91.059595,31.333798,1.835381,3
80.761409,24.108711,1.7,3
78.0,28.830558,1.7,3
83.199034,17.570089,1.7,3
77.272652,19.027574,1.659877,3
96.192662,25.632447,1.836943,3
93.086419,22.94313,1.819614,3
85.312639,23.285553,1.717775,3
90.0,23.0,1.791867,3
80.749657,25.19291,1.7,3
83.568035,34.389906,1.68108,3
78.574786,26.595893,1.660756,3
80.491339,55.24625,1.769269,3
85.0,34.543563,1.765188,3
80.0,21.808159,1.65,3
80.0,18.118277,1.654757,3
79.165306,42.189023,1.647768,3
80.539,22.0,1.691303,3
65.031879,28.770852,1.532897,3
64.848627,25.483381,1.565288,3
63.65233,21.67315,1.5,3
64.814109,23.469538,1.507106,3
81.32297,23.0,1.70074,3
81.650778,23.0,1.715118,3
78.967919,38.464538,1.696423,3
80.0,37.496175,1.653088,3
77.426465,33.690239,1.681842,3
77.13322,34.369686,1.652202,3
99.0,31.426573,1.848683,3
96.01851,34.288249,1.835678,3
71.728069,18.863875,1.560029,3
72.105856,18.951144,1.621048,3
78.0,19.671876,1.699474,3
82.130728,50.832559,1.745528,3
85.0,17.971574,1.720379,3
85.050558,18.0,1.758787,3
81.384224,18.701766,1.704908,3
77.561602,34.389679,1.691322,3
95.277392,17.178483,1.78629,3
83.016968,33.0816,1.705617,3
84.75383,33.270448,1.733439,3
83.0,36.310292,1.701397,3
74.433362,20.0,1.625236,3
72.467862,18.549437,1.545196,3
92.69551,34.243146,1.843172,3
82.011962,23.32012,1.705813,3
78.790936,19.703095,1.704141,3
78.073528,19.223259,1.706082,3
93.798055,29.695603,1.842943,3
99.623778,27.0,1.880992,3
82.853749,21.027662,1.726774,3
84.315608,33.015258,1.73196,3
86.963628,18.0,1.751278,3
88.431954,30.553097,1.780448,3
97.92035,33.0,1.85,3
88.03748,24.911994,1.785241,3
86.319887,24.444846,1.718845,3
68.85097,19.911246,1.530248,3
80.386078,34.204408,1.664927,3
77.205685,34.281681,1.673333,3
82.480214,23.384374,1.725587,3
86.94538,43.238402,1.733875,3
79.66832,45.0,1.675953,3
89.802492,22.087389,1.786238,3
80.0,21.378039,1.718534,3
101.544589,31.398281,1.919543,3
82.586893,31.484494,1.707613,3
80.0,21.709159,1.658393,3
65.912688,30.711381,1.536819,3
90.13868,34.821442,1.805459,3
67.083121,20.843363,1.521008,3
87.27989,19.443639,1.744733,3
65.140408,20.492077,1.529223,3
89.98168,22.944349,1.799742,3
80.037202,23.0,1.681314,3
85.743727,24.06894,1.706912,3
80.0,23.728707,1.663509,3
88.096062,29.216019,1.752265,3
83.337721,24.751511,1.735343,3
78.0,28.977792,1.7,3
83.414072,17.441593,1.7,3
77.858532,19.126145,1.633794,3
95.887056,24.122589,1.856759,3
90.0,23.0,1.77433,3
78.0,28.824194,1.7,3
84.416515,34.204611,1.719509,3
78.0,28.167799,1.658202,3
80.993213,55.137881,1.657221,3
84.722222,34.970367,1.713348,3
80.379575,20.986834,1.677178,3
77.224574,38.378056,1.67805,3
81.92991,22.18881,1.717722,3
60.117993,21.082384,1.486484,3
64.342459,25.293202,1.503379,3
81.66995,23.0,1.718981,3
79.278896,39.170029,1.688354,3
77.098973,34.044229,1.665807,3
97.029249,33.182127,1.838441,3
75.090439,19.821996,1.653431,3
78.0,19.149706,1.699818,3
88.600878,46.491859,1.718097,3
84.064875,17.894784,1.731389,3
79.67793,18.88485,1.699667,3
78.637307,38.384177,1.698626,3
96.945262,22.675679,1.823765,3
83.001642,33.049121,1.708742,3
80.993373,37.205173,1.667469,3
73.939268,19.027417,1.588147,3
92.368359,37.492444,1.835024,3
83.520113,24.657598,1.7088,3
79.752916,18.011718,1.680991,3
97.58826,27.349745,1.835271,3
86.565148,18.0,1.742819,3
84.773349,33.009285,1.741192,3
86.0805,18.0,1.759721,3
92.860254,30.079371,1.810616,3
88.532032,25.035915,1.763101,3
71.799982,18.198322,1.543338,3
79.437921,35.456326,1.651812,3
84.557797,23.806789,1.732492,3
85.720788,39.392569,1.706349,3
89.667406,21.384259,1.780679,3
89.673648,22.730414,1.758687,3
80.0,21.20563,1.704573,3
80.005809,21.333429,1.716545,3
99.812443,32.787101,1.903832,3
83.390983,32.610018,1.742538,3
83.314157,30.022598,1.747739,3
80.0,21.123048,1.717037,3
80.0,22.989846,1.65,3
65.293179,24.320154,1.577921,3
83.282232,37.275298,1.746055,3
91.798103,34.098174,1.841151,3
64.696248,21.001282,1.517998,3
62.894283,21.95994,1.483284,3
87.861431,19.795269,1.758972,3
70.442775,19.090023,1.562434,3
67.473282,20.820455,1.547066,3
89.998729,22.087056,1.792435,3
89.836692,22.185756,1.784555,3
80.473587,22.980957,1.700216,3
80.939733,23.0,1.672101,3
84.849349,24.190896,1.7,3
83.986714,23.94003,1.721348,3
78.008388,26.591628,1.7,3
91.052215,31.264628,1.803129,3
80.420434,23.629159,1.70002,3
78.041338,26.208134,1.7,3
83.285753,17.689057,1.713599,3
77.473204,19.16097,1.662728,3
95.952027,25.45763,1.837399,3
91.363293,22.988004,1.80827,3
85.137113,23.603191,1.714508,3
89.909259,22.882558,1.793451,3
81.108599,23.586058,1.700499,3
84.451423,34.432669,1.694997,3
78.434492,25.472995,1.688911,3
80.400306,55.022494,1.673394,3
85.0,34.647036,1.769499,3
80.0,21.997335,1.65,3
79.863546,18.181821,1.662669,3
79.849252,41.743333,1.67861,3
80.311273,21.473078,1.694423,3
63.892071,27.757187,1.505437,3
63.715219,25.113537,1.505387,3
62.269912,21.82165,1.491441,3
64.852953,20.670975,1.509408,3
81.022119,22.649792,1.685045,3
82.338464,23.154311,1.723072,3
78.156035,38.097395,1.696954,3
79.079738,37.642177,1.676095,3
77.392179,34.176795,1.681021,3
79.697278,34.231083,1.654067,3
98.259423,31.965402,1.840708,3
97.416417,33.185661,1.836007,3
71.788181,18.741188,1.556789,3
72.713611,19.955257,1.5891,3
78.048207,19.684891,1.700627,3
84.729197,47.7061,1.743935,3
85.0,17.997009,1.742654,3
85.002884,17.971786,1.754441,3
80.790813,20.432717,1.719342,3
77.431678,33.954433,1.682253,3
95.419668,17.039058,1.799902,3
83.014033,33.070142,1.709428,3
84.783756,34.993835,1.752456,3
83.3258,35.719457,1.685947,3
73.513873,19.005725,1.599999,3
72.9518,18.850466,1.550053,3
91.495718,31.540751,1.828092,3
82.085549,23.335391,1.71338,3
79.621463,19.749627,1.680764,3
78.025625,19.565496,1.705584,3
93.614246,30.357745,1.841852,3
99.083478,27.0,1.834986,3
82.27635,21.380336,1.724839,3
83.986895,33.151905,1.685127,3
86.372141,18.0,1.750097,3
87.906019,32.241587,1.757961,3
98.912261,31.662814,1.848965,3
89.393589,24.347414,1.789193,3
85.261339,24.362124,1.716677,3
69.936073,19.462713,1.550122,3
80.135167,35.432059,1.663178,3
77.355417,33.864257,1.679299,3
82.52724,23.807181,1.729177,3
86.464843,39.585811,1.719153,3
80.413997,45.821267,1.687326,3
105.0,25.929746,1.772449,4
105.712219,26.042738,1.837117,4
102.872505,30.551762,1.784377,4
101.780099,39.759575,1.792507,4
78.233341,31.386405,1.556579,4
80.351263,25.706285,1.585547,4
81.827288,43.604901,1.569234,4
81.936398,42.31607,1.583943,4
82.0,22.654316,1.621233,4
82.603984,22.679935,1.6084,4
97.911865,24.079524,1.733439,4
88.472359,21.196152,1.65,4
87.272552,22.596576,1.650052,4
84.340406,23.0,1.644161,4
77.26813,37.356288,1.559499,4
95.0,22.754646,1.734237,4
97.813023,23.252906,1.775815,4
87.344156,22.025438,1.640426,4
82.13682,18.086772,1.65,4
107.998815,25.994393,1.753321,4
77.74518,40.821515,1.553026,4
90.500055,23.0,1.706525,4
80.0,37.955371,1.560648,4
90.0,31.315593,1.673352,4
94.189167,22.661556,1.660324,4
98.447311,40.317787,1.786318,4
95.361795,23.365649,1.757691,4
98.699971,21.72127,1.712163,4
100.84763,35.389491,1.78,4
82.040318,22.061461,1.6,4
82.532994,23.0,1.61082,4
83.15115,23.0,1.665199,4
80.0,40.951591,1.542122,4
79.58958,39.135634,1.507867,4
90.0,26.271621,1.660955,4
78.0,23.779235,1.553127,4
102.910613,20.586978,1.781952,4
96.940255,21.669478,1.75,4
80.615325,23.0,1.615854,4
105.655037,20.825962,1.793378,4
114.77484,18.178023,1.85478,4
90.032671,18.0,1.685633,4
93.348843,18.267696,1.706343,4
105.138073,23.0,1.791415,4
106.49141,23.0,1.753716,4
103.189532,20.9859,1.780503,4
106.038468,21.504943,1.819867,4
108.9606,18.0,1.791174,4
108.742005,18.0,1.82093,4
82.0,19.442663,1.627812,4
82.0,22.865018,1.632118,4
105.000789,21.948577,1.773594,4
118.560509,21.214617,1.930416,4
116.893105,22.277859,1.947406,4
80.0,37.832949,1.610867,4
75.410647,37.631769,1.513202,4
97.185474,17.6739,1.738465,4
76.129784,37.524551,1.567915,4
76.126112,43.510672,1.587546,4
108.395005,18.0,1.820385,4
108.244379,18.0,1.792239,4
108.751502,29.506287,1.82697,4
86.242679,18.0,1.670058,4
91.267087,24.733308,1.639383,4
89.991671,29.0,1.682916,4
84.493156,18.0,1.609321,4
96.366777,21.098035,1.690437,4
99.204695,19.089595,1.700164,4
82.249831,18.312665,1.60074,4
104.741914,18.260079,1.801848,4
105.025808,26.004294,1.844751,4
106.042142,25.994746,1.811602,4
100.624553,36.726617,1.787521,4
100.066268,38.297259,1.789109,4
78.030383,30.163408,1.533364,4
79.713492,28.770039,1.580858,4
86.639861,42.337283,1.64639,4
81.978743,47.283374,1.643786,4
82.414477,22.518787,1.634342,4
82.0,22.836315,1.604893,4
94.790579,23.0,1.654961,4
95.0,22.975526,1.701986,4
89.139209,22.720449,1.65,4
90.0,23.887569,1.657995,4
82.628,23.0,1.634688,4
84.49798,23.0,1.628168,4
79.661693,38.148845,1.557808,4
80.0,37.96543,1.560199,4
95.324282,22.771612,1.750384,4
95.269089,22.582371,1.753081,4
88.126544,21.008051,1.65,4
87.676154,22.591026,1.650012,4
85.583485,16.129279,1.65,4
85.803809,16.913841,1.634832,4
108.602715,29.43879,1.770126,4
108.721893,29.881301,1.758189,4
77.354744,43.591999,1.595165,4
79.493626,40.993179,1.567756,4
93.638318,22.936098,1.702825,4
93.429205,23.0,1.735659,4
80.0,37.597953,1.62901,4
80.0,37.532066,1.615385,4
90.0,31.630054,1.671705,4
89.993812,31.641081,1.676595,4
95.564428,21.872484,1.699998,4
94.094184,21.834894,1.722785,4
90.575934,36.023972,1.670667,4
98.021766,39.656559,1.789992,4
97.449743,24.184891,1.768834,4
97.829344,23.237302,1.761008,4
102.265955,35.322112,1.78,4
105.254354,31.387982,1.810215,4
82.954796,23.0,1.608469,4
83.1011,23.0,1.630357,4
82.967937,22.679454,1.62826,4
82.470375,22.480889,1.605662,4
81.056851,41.403862,1.567973,4
80.0,40.702771,1.548403,4
90.0,29.389239,1.681855,4
90.0,30.967417,1.688436,4
78.0,23.474165,1.577115,4
79.109029,24.317607,1.586751,4
99.860254,17.052914,1.710616,4
99.430612,18.04892,1.721384,4
82.0,22.875223,1.624367,4
82.0,22.884722,1.622787,4
112.875283,18.729566,1.855433,4
118.183797,21.011124,1.856315,4
90.671871,18.603496,1.681719,4
92.949254,21.106056,1.722884,4
106.528811,23.0,1.799406,4
106.048516,21.980847,1.819875,4
105.042194,21.016665,1.790172,4
105.000276,21.72738,1.783782,4
109.207614,18.0,1.783906,4
109.195529,18.0,1.844218,4
82.0,19.431662,1.631662,4
82.323954,18.166318,1.649553,4
105.000706,22.352025,1.754711,4
105.000097,22.469351,1.762515,4
121.657979,19.524698,1.942725,4
120.702935,20.491475,1.975663,4
80.0,39.213399,1.586301,4
80.0,38.098745,1.598448,4
98.296651,19.034033,1.703098,4
99.544696,17.073648,1.706996,4
75.150345,38.547267,1.526472,4
76.642944,38.683794,1.501993,4
108.413119,18.0,1.784402,4
108.204547,18.0,1.792687,4
109.411622,29.622804,1.814052,4
109.599453,30.79626,1.789421,4
90.004046,18.0,1.686904,4
91.499683,18.107092,1.703259,4
89.738596,31.335093,1.665798,4
89.048151,29.0,1.66671,4
84.210535,18.011903,1.65,4
84.897738,18.0,1.649439,4
97.971598,21.077356,1.702002,4
99.530971,21.052016,1.69382,4
82.403076,18.078256,1.622999,4
82.459577,18.063582,1.633675,4
105.257543,20.418832,1.836669,4
103.705418,20.580984,1.798354,4
105.131956,26.032416,1.824432,4
105.479313,25.955361,1.830384,4
105.436173,26.015448,1.829907,4
105.800158,25.920738,1.823755,4
105.19936,29.633715,1.834842,4
103.771371,32.895637,1.783901,4
103.586342,38.748307,1.782067,4
96.303855,39.685846,1.781032,4
77.647716,33.226808,1.557943,4
78.435904,26.220065,1.560258,4
80.726195,23.090215,1.596586,4
81.718232,24.565628,1.62093,4
81.918809,42.586285,1.571417,4
80.986496,43.719395,1.584322,4
81.919454,43.37634,1.582523,4
80.086524,39.648946,1.572791,4
82.0,22.693989,1.627908,4
82.283185,22.676243,1.620938,4
82.636162,22.804818,1.613119,4
82.410189,22.857123,1.62686,4
97.959899,23.096353,1.728183,4
98.44113,22.815416,1.732694,4
88.129437,21.02064,1.65,4
88.026943,21.001458,1.65,4
86.002736,22.87795,1.66913,4
85.568385,22.847618,1.669136,4
84.191125,23.0,1.611058,4
84.134712,23.0,1.649736,4
77.550345,39.129291,1.532643,4
76.202761,37.441044,1.524293,4
95.0,22.969366,1.701634,4
94.743892,22.735328,1.723921,4
96.078462,23.32471,1.769484,4
97.842406,23.668137,1.777416,4
88.119139,21.895468,1.64456,4
88.079177,21.3928,1.641149,4
82.144405,18.178076,1.642892,4
82.01831,18.907514,1.65,4
106.452367,26.011928,1.777251,4
107.55963,25.696736,1.814696,4
77.601483,40.466313,1.559005,4
77.684229,38.445148,1.556028,4
91.204753,24.473062,1.653751,4
91.068054,23.479181,1.680171,4
80.0,38.397463,1.552648,4
80.0,37.974483,1.560215,4
90.0,31.783524,1.672959,4
89.994351,29.681308,1.680058,4
94.256547,21.587743,1.664752,4
94.454394,21.746113,1.668553,4
100.431625,39.569004,1.785286,4
98.790167,36.67933,1.780725,4
95.285898,22.927011,1.751046,4
95.290429,23.329344,1.751365,4
98.579156,22.126325,1.717262,4
98.182498,21.679158,1.741393,4
101.285765,36.673882,1.7921,4
99.199287,37.936044,1.785957,4
83.785312,22.226815,1.609068,4
82.012637,22.538932,1.603963,4
82.528575,22.307413,1.605495,4
82.368441,22.362877,1.607182,4
82.595793,22.89974,1.661715,4
82.46376,22.997168,1.655742,4
80.0,38.895069,1.549257,4
80.0,40.789529,1.549748,4
79.760922,40.654155,1.52906,4
79.843221,38.542937,1.517248,4
90.0,25.95383,1.65731,4
90.0,26.826961,1.673287,4
78.089575,23.803904,1.581527,4
80.535698,23.652435,1.562724,4
102.950929,20.677105,1.781251,4
103.605896,21.797388,1.775584,4
96.875502,22.719385,1.746645,4
96.738014,22.177099,1.741353,4
78.997166,23.099906,1.571812,4
80.553067,24.17851,1.589027,4
105.686091,20.924808,1.803245,4
105.619143,20.975973,1.792646,4
115.627554,21.856301,1.87199,4
111.235188,18.140751,1.859056,4
90.019501,18.0,1.692242,4
90.924208,18.0,1.683,4
93.890682,20.206358,1.738397,4
92.508122,18.152876,1.694969,4
105.055686,22.336216,1.785718,4
105.028665,23.0,1.7425,4
106.329569,22.088059,1.803132,4
105.966894,23.0,1.774644,4
104.97003,20.993067,1.782269,4
102.921218,20.654752,1.780791,4
106.320686,21.624552,1.790151,4
105.496975,21.682636,1.818641,4
108.829395,18.0,1.806827,4
108.800964,18.0,1.811189,4
108.897324,18.0,1.811738,4
108.934574,18.0,1.799779,4
82.0,19.374207,1.632605,4
82.851318,19.275687,1.623377,4
81.281578,22.956845,1.618686,4
82.582954,22.829681,1.616085,4
105.000576,22.200779,1.769328,4
105.696358,21.688557,1.807029,4
117.468516,20.803186,1.882533,4
112.932984,19.515324,1.879144,4
118.20313,21.962219,1.931263,4
115.39792,20.534089,1.861358,4
80.0,39.29266,1.567131,4
80.0,37.872971,1.565366,4
77.033049,37.613378,1.516007,4
76.082517,37.471683,1.549812,4
96.568814,18.611197,1.714143,4
97.350366,17.412629,1.723191,4
76.65949,39.12631,1.562889,4
75.279605,37.063599,1.502609,4
77.053948,41.318302,1.544937,4
77.00103,43.726081,1.592316,4
108.019211,18.0,1.787733,4
108.044313,18.0,1.782722,4
108.316462,18.0,1.797523,4
108.251044,18.0,1.803527,4
108.15619,29.409825,1.801224,4
107.10819,28.421533,1.829239,4
89.93889,18.0,1.692913,4
85.607466,18.0,1.668555,4
93.310284,23.246702,1.652971,4
90.744965,24.481032,1.661277,4
89.424947,29.0,1.641784,4
89.995034,27.968765,1.673767,4
83.121811,18.024744,1.617192,4
82.412665,18.10682,1.602129,4
96.710735,21.379676,1.701413,4
95.032177,21.353237,1.709731,4
98.572753,20.338815,1.698829,4
99.873716,20.720639,1.705304,4
82.193405,19.045357,1.61291,4
82.039,18.945961,1.605469,4
104.40682,18.88061,1.80416,4
104.187314,19.850524,1.785062,4
112.289883,30.200946,1.755926,4
115.127662,25.314589,1.787802,4
107.94747,37.186795,1.704877,4
102.810704,32.707653,1.695347,4
128.828122,27.562425,1.908608,4
122.137917,30.421596,1.819296,4
118.154345,26.945139,1.773259,4
120.151967,34.139453,1.774647,4
116.160329,26.225442,1.773664,4
112.725005,28.363149,1.793476,4
120.860386,27.991467,1.82559,4
121.253083,25.498751,1.885543,4
120.0,30.605225,1.75,4
128.867444,31.457413,1.87407,4
112.256165,24.82929,1.755967,4
117.298233,24.739421,1.757069,4
116.594351,41.0,1.75,4
101.634313,27.83173,1.704028,4
121.414744,23.260061,1.849003,4
122.024954,22.705772,1.841989,4
98.490766,24.041043,1.613491,4
106.509947,20.013906,1.647821,4
112.010504,30.02019,1.75834,4
112.089022,25.15462,1.758398,4
101.626189,30.870724,1.670774,4
98.66176,28.712995,1.665585,4
129.852531,30.710511,1.914186,4
124.269251,29.827481,1.899588,4
118.102897,31.86893,1.75,4
119.434645,36.542885,1.75,4
116.160329,21.556361,1.773664,4
116.102615,23.963649,1.792998,4
120.860386,24.145295,1.82559,4
120.996074,25.2984,1.827279,4
121.204668,31.755387,1.775416,4
118.363376,30.62865,1.766975,4
117.384745,23.454558,1.754218,4
119.087557,23.432227,1.754996,4
108.308112,40.50021,1.748103,4
103.669116,34.576714,1.73325,4
121.786485,22.276969,1.84995,4
122.333425,21.963787,1.849601,4
99.961731,24.001685,1.606066,4
103.175516,20.027764,1.611434,4
113.90198,28.704462,1.762887,4
112.287678,26.774115,1.755938,4
115.428276,25.539411,1.787052,4
114.330023,25.300208,1.765258,4
110.714711,31.194458,1.726279,4
109.889334,40.794057,1.735851,4
103.841672,33.55336,1.699793,4
103.0344,30.304203,1.703202,4
128.856677,30.958051,1.906821,4
129.935666,29.429687,1.910987,4
120.644178,30.520854,1.784049,4
120.549592,30.610436,1.783914,4
120.202596,26.740655,1.863883,4
118.277657,26.680376,1.812259,4
118.206565,37.056193,1.75015,4
120.399758,28.825279,1.815347,4
114.133149,25.883749,1.767077,4
115.531622,25.486521,1.762461,4
112.438508,29.883021,1.779049,4
112.957922,26.957645,1.780731,4
120.898397,26.490926,1.872517,4
119.050381,27.558801,1.801224,4
121.277832,22.908879,1.876898,4
120.589419,24.201622,1.77558,4
120.082941,31.689773,1.76569,4
118.382361,30.242597,1.759772,4
126.460936,31.346845,1.823545,4
125.064264,30.577343,1.868923,4
113.207124,25.124595,1.77151,4
114.097656,25.509034,1.77219,4
117.57457,25.478662,1.858265,4
118.424156,25.100513,1.830596,4
118.533246,38.523646,1.765836,4
117.29188,38.71216,1.770278,4
103.706181,25.717522,1.673491,4
102.686239,32.259623,1.703346,4
121.142535,23.47007,1.842906,4
118.740035,24.408805,1.779547,4
121.82962,24.443011,1.873368,4
120.021161,22.906342,1.755902,4
100.941357,24.007488,1.617655,4
100.004418,30.686701,1.644517,4
104.578255,20.184451,1.701284,4
104.548794,25.447208,1.65891,4
112.000381,30.002029,1.759324,4
112.10074,30.188303,1.758382,4
99.982541,24.244029,1.622297,4
97.582959,24.521879,1.623278,4
129.991623,29.721964,1.918859,4
129.232216,29.906575,1.913252,4
118.07381,37.084742,1.75,4
119.029103,39.08886,1.75,4
113.714521,22.658572,1.784994,4
116.157766,22.889099,1.792533,4
120.980508,24.63474,1.829757,4
120.988454,24.920362,1.796415,4
120.0,31.783845,1.75,4
118.548733,31.627962,1.762389,4
121.236915,22.976188,1.825718,4
120.431551,22.977357,1.839699,4
109.908779,40.973007,1.749405,4
115.806977,41.0,1.75,4
122.119682,21.721507,1.849998,4
122.609911,21.544554,1.84998,4
100.618239,24.000307,1.607939,4
99.605527,24.0409,1.603226,4
112.471118,29.509151,1.770663,4
112.395309,29.246269,1.758038,4
115.025361,25.341399,1.786997,4
114.906095,25.314163,1.771837,4
109.349025,40.366238,1.722396,4
107.025415,33.749594,1.701387,4
103.017623,32.867331,1.697421,4
102.815983,30.403205,1.696365,4
129.679131,29.687488,1.909198,4
129.874864,28.992809,1.909105,4
121.094257,30.475248,1.801368,4
123.721352,30.350516,1.860292,4
118.332689,26.684354,1.819535,4
118.165082,26.607478,1.793174,4
118.299585,33.174147,1.75015,4
120.098812,32.29016,1.754956,4
115.089316,26.050109,1.773115,4
115.828167,25.846279,1.772731,4
112.536367,29.620095,1.787933,4
112.740797,27.439056,1.785277,4
120.8158,28.493397,1.817572,4
120.420406,27.474245,1.84342,4
121.244969,25.036269,1.874519,4
120.901591,24.825398,1.796332,4
119.117122,30.493946,1.756221,4
118.565568,30.607546,1.757132,4
129.157346,31.194323,1.889104,4
127.507411,31.36347,1.869323,4
112.200812,25.027254,1.757154,4
113.234349,25.058566,1.764484,4
117.398976,24.417552,1.774775,4
117.708705,24.5822,1.769933,4
117.651046,40.106145,1.760175,4
116.974504,40.174191,1.763029,4
102.872802,27.186873,1.679515,4
100.176866,30.424369,1.699354,4
121.658729,23.141402,1.849307,4
121.684311,24.178638,1.86741,4
121.835883,22.832105,1.86714,4
121.421121,23.083621,1.848553,4
98.54302,24.079971,1.61981,4
99.592225,26.947786,1.647807,4
104.303711,20.101026,1.619128,4
104.270062,22.789402,1.64187,4
112.173731,28.404332,1.787379,4
112.007101,30.003358,1.758355,4
113.089716,25.136116,1.76414,4
112.226032,25.139466,1.767186,4
102.022057,31.743821,1.67782,4
100.543983,30.796262,1.668478,4
99.540122,28.393111,1.685462,4
99.709329,27.93982,1.694642,4
129.349471,31.034092,1.886109,4
129.966428,30.684347,1.915,4
124.070717,30.108216,1.841908,4
123.172214,31.347497,1.868127,4
119.205308,31.761799,1.751688,4
118.237782,30.976932,1.755333,4
117.8972,37.588628,1.754217,4
118.668332,37.997912,1.76071,4
116.311962,21.6548,1.755938,4
116.669906,22.829753,1.765137,4
115.382519,25.015173,1.788239,4
116.164351,23.812795,1.767121,4
120.975489,23.975685,1.840039,4
120.805715,24.149036,1.824901,4
120.998266,25.062942,1.828391,4
120.996581,25.140074,1.829529,4
120.751656,30.722801,1.779325,4
120.794535,30.916426,1.781139,4
119.373019,31.010302,1.764166,4
118.805937,30.605464,1.754796,4
117.368716,24.622054,1.756509,4
117.326523,23.745833,1.756772,4
119.441207,23.327836,1.754439,4
119.192922,23.411141,1.755142,4
108.012603,39.825592,1.706741,4
106.421042,36.839761,1.74285,4
102.523111,33.789301,1.6811,4
103.067766,34.161998,1.705682,4
121.560938,22.580038,1.849507,4
121.737836,22.851721,1.853373,4
122.06261,23.254934,1.84753,4
121.458232,22.343204,1.87034,4
100.783434,24.006271,1.607787,4
100.209405,24.001196,1.603091,4
103.393354,20.156664,1.620109,4
100.642257,23.360307,1.610647,4
113.501549,28.986237,1.758618,4
113.215814,29.713169,1.763259,4
112.323213,27.394123,1.764138,4
112.277567,24.912254,1.75596,4
115.347176,25.526746,1.783381,4
114.534678,25.523127,1.786532,4
114.187096,25.822348,1.766626,4
114.144378,25.879411,1.765464,4
111.635463,30.361365,1.75853,4
111.950413,30.451174,1.758539,4
109.758736,40.564513,1.748015,4
111.169678,40.501722,1.744974,4
103.743534,30.315784,1.701566,4
103.250355,33.293166,1.696412,4
102.004554,30.638944,1.680489,4
102.592171,29.791101,1.703317,4
127.161381,31.205668,1.877732,4
129.013178,30.899219,1.909639,4
129.19449,29.669219,1.909188,4
129.232708,30.595632,1.910672,4
120.60094,30.554956,1.779136,4
120.158049,31.571392,1.767485,4
120.613561,30.577944,1.783953,4
120.344402,30.717727,1.76714,4
119.622764,26.734476,1.816197,4
119.956651,26.699317,1.839941,4
117.631707,25.659092,1.84842,4
117.75701,26.348156,1.830317,4
118.114184,37.638102,1.750085,4
117.86159,37.765356,1.763582,4
120.699119,28.255199,1.816547,4
119.484614,27.931432,1.805445,4
114.163921,25.492855,1.770124,4
114.254278,25.550506,1.77274,4
115.10813,25.542454,1.763215,4
115.45845,25.758307,1.766547,4
112.348722,29.981494,1.773181,4
112.409191,29.891473,1.76003,4
113.15464,26.778684,1.780089,4
113.235538,28.377958,1.766946,4
121.065052,26.199321,1.885119,4
120.872294,27.266287,1.828276,4
120.423567,27.635029,1.806227,4
119.841446,26.899886,1.812919,4
121.284533,22.758998,1.859717,4
121.527369,22.771001,1.86516,4
120.921535,23.826684,1.783609,4
120.919703,24.186273,1.794827,4
120.009392,30.945369,1.759647,4
120.209711,31.490699,1.773521,4
118.26569,31.56724,1.753327,4
118.370628,30.444081,1.761068,4
125.077863,31.199261,1.848845,4
125.973927,31.190219,1.842812,4
124.95278,30.575349,1.825449,4
126.418413,30.702559,1.86198,4
113.069667,25.057878,1.763987,4
112.835195,25.151286,1.761519,4
114.067936,25.137087,1.772045,4
114.004832,25.3292,1.771817,4
117.93329,25.66668,1.79858,4
117.849351,25.01277,1.788586,4
118.332966,25.047945,1.803207,4
118.377601,25.426457,1.836592,4
118.40174,37.207082,1.762921,4
119.201465,38.10894,1.752863,4
117.792268,38.644441,1.768235,4
118.134898,38.112989,1.766888,4
101.038263,24.825393,1.603501,4
103.180918,26.624342,1.690262,4
103.276087,33.722449,1.712905,4
102.784864,32.516469,1.695735,4
121.04172,23.881938,1.829971,4
121.248035,23.319635,1.84629,4
119.081804,23.912387,1.774983,4
118.436166,24.982997,1.78968,4
121.310257,24.511445,1.852664,4
121.471077,24.05331,1.872561,4
120.775439,22.906886,1.81955,4
120.337664,23.147644,1.815514,4
100.245302,24.001889,1.614075,4
100.078367,24.002404,1.609418,4
101.141277,30.71516,1.650189,4
102.583895,30.64243,1.653876,4
105.580491,20.068432,1.657132,4
101.067988,20.914366,1.644751,4
104.321463,25.512048,1.660761,4
102.59518,26.844812,1.69151,4
102.093223,25.919241,1.611462,4
105.055597,26.0,1.584782,4
137.859737,18.233541,1.792378,4
149.935848,18.147705,1.802257,4
111.93301,26.0,1.65632,4
105.448264,26.0,1.600762,4
104.954834,25.902283,1.678658,4
109.900472,25.540865,1.678201,4
121.205171,22.39251,1.65563,4
133.76473,21.305402,1.694952,4
109.959714,26.0,1.622771,4
110.545378,26.0,1.583889,4
131.529267,21.334585,1.729045,4
114.465425,22.978655,1.664622,4
127.902844,21.01245,1.747773,4
152.094362,21.056059,1.730113,4
133.800129,18.771001,1.746652,4
114.511537,24.265943,1.719365,4
111.946655,26.0,1.632377,4
111.868169,26.0,1.642572,4
104.758713,25.96701,1.654875,4
107.482662,26.0,1.627567,4
130.927138,20.590046,1.736276,4
132.527011,24.497373,1.737056,4
102.003378,25.991886,1.580968,4
103.026858,25.908431,1.607128,4
142.102468,18.177882,1.821566,4
152.720545,18.112503,1.82773,4
111.993054,26.0,1.656504,4
111.208963,26.0,1.637725,4
104.585783,25.902283,1.669701,4
104.754958,25.540865,1.668709,4
124.704781,20.520992,1.668642,4
129.769141,20.871153,1.690614,4
110.676343,26.0,1.622418,4
110.824698,26.0,1.643332,4
135.524857,21.768834,1.733383,4
133.573787,20.891491,1.748313,4
138.730619,20.941943,1.812963,4
155.872093,20.989016,1.80734,4
133.665587,18.367481,1.745644,4
133.852432,21.051107,1.753266,4
111.886611,26.0,1.632193,4
111.818345,26.0,1.641098,4
104.808542,25.998646,1.640741,4
104.928643,26.0,1.618573,4
133.365094,22.846357,1.757442,4
133.952675,19.885655,1.763343,4
102.38745,25.930376,1.610086,4
102.781971,25.897815,1.664463,4
104.899348,26.0,1.602025,4
104.988925,25.968792,1.632896,4
137.044959,18.335019,1.771043,4
137.767787,21.700748,1.789555,4
141.166265,18.222536,1.801746,4
151.975864,20.3756,1.787195,4
111.942544,26.0,1.644141,4
111.600553,26.0,1.643355,4
105.037463,26.0,1.623707,4
105.423532,26.0,1.610636,4
104.839068,25.943827,1.629491,4
104.821175,25.291974,1.684768,4
110.92217,25.653233,1.66494,4
110.21734,25.783865,1.655646,4
124.805868,19.17614,1.666194,4
121.864326,21.207423,1.707508,4
133.783955,21.633056,1.754174,4
131.866734,21.009596,1.714193,4
110.008636,26.0,1.62439,4
110.970479,26.0,1.638836,4
111.267334,26.0,1.621245,4
109.980145,25.954511,1.623514,4
132.145549,21.001969,1.736215,4
132.904884,21.772251,1.732951,4
114.480696,23.76197,1.69135,4
113.277388,24.449655,1.635062,4
128.261402,18.378203,1.746061,4
129.363771,19.725718,1.746529,4
144.302261,21.344018,1.746516,4
149.291106,21.322097,1.751118,4
132.57927,19.262934,1.741014,4
133.94608,21.566815,1.748533,4
112.776612,24.475242,1.694726,4
112.879662,25.612462,1.674515,4
111.829957,26.0,1.631332,4
111.86899,26.0,1.641918,4
111.539494,26.0,1.640125,4
111.914361,26.0,1.649178,4
105.031908,25.96773,1.603404,4
105.036075,25.989938,1.644199,4
106.875927,26.0,1.628909,4
108.265922,25.617227,1.628019,4
133.466763,21.030909,1.71818,4
131.274851,20.951084,1.708581,4
132.94066,22.980221,1.724983,4
133.485478,23.426036,1.739991,4
102.000122,25.999185,1.568543,4
102.134646,25.934757,1.579893,4
154.618446,20.327723,1.782714,4
160.935351,19.47219,1.793824,4
111.999096,26.0,1.659557,4
111.95611,26.0,1.65782,4
104.592372,25.816445,1.684082,4
104.846817,25.498965,1.68395,4
127.642324,19.137495,1.716521,4
125.418548,20.190733,1.680762,4
110.81746,26.0,1.623303,4
110.804337,26.0,1.631856,4
136.516648,21.840654,1.747479,4
137.852618,20.871667,1.782453,4
152.394739,21.501721,1.809871,4
160.639405,21.521294,1.803677,4
133.554686,18.314593,1.745602,4
133.843033,19.529746,1.751038,4
111.588625,26.0,1.631547,4
111.571076,26.0,1.635905,4
104.846218,26.0,1.616975,4
104.92057,26.0,1.62788,4
133.888629,21.768153,1.76416,4
133.937873,21.238416,1.763847,4
102.083964,25.930376,1.608808,4
102.174953,25.919571,1.610488,4
104.986792,25.918524,1.621231,4
104.988082,25.565662,1.642392,4
138.034526,18.744914,1.801983,4
137.858254,21.704699,1.787614,4
151.417292,20.089969,1.801478,4
152.567671,18.120739,1.807576,4
111.939671,26.0,1.650125,4
111.919155,26.0,1.652674,4
105.122109,25.986185,1.663632,4
105.428628,25.982113,1.627818,4
104.774144,25.748627,1.66877,4
104.966758,25.959772,1.642098,4
109.931233,25.653233,1.65757,4
109.910012,25.783865,1.643111,4
121.639178,21.412434,1.675562,4
120.748213,22.77789,1.661415,4
133.735889,21.140165,1.713133,4
133.886031,21.413498,1.7199,4
109.982692,26.0,1.622701,4
110.400847,26.0,1.622468,4
110.777391,26.0,1.618867,4
110.074946,26.0,1.600905,4
131.902591,21.391371,1.730636,4
131.877558,21.051982,1.729719,4
114.470482,23.455303,1.677672,4
113.90506,23.69484,1.637524,4
128.114161,20.601222,1.738717,4
128.763843,20.81158,1.741193,4
152.43563,19.993565,1.792833,4
152.217135,20.074449,1.810427,4
133.281333,18.904037,1.743589,4
133.936535,19.783234,1.747962,4
113.372851,24.291205,1.71146,4
113.451224,25.311534,1.685482,4
111.927001,26.0,1.639251,4
111.933152,26.0,1.654784,4
111.856492,26.0,1.641209,4
111.894229,26.0,1.643167,4
104.790549,25.966504,1.63073,4
104.791035,25.950898,1.649867,4
107.012256,26.0,1.613574,4
106.69053,26.0,1.627532,4
131.76807,20.848608,1.726606,4
131.042274,20.801791,1.721476,4
132.8071,23.712641,1.742901,4
133.166595,24.063874,1.737313,4
102.233445,25.95774,1.62414,4
102.277765,25.909353,1.644078,4
102.874549,25.954995,1.592529,4
102.305767,25.908829,1.607734,4
141.917802,19.297004,1.817271,4
140.292018,18.301773,1.808765,4
152.371911,19.872667,1.817231,4
151.278532,18.13782,1.819728,4
111.949972,26.0,1.656465,4
111.950113,26.0,1.648143,4
111.216192,26.0,1.622703,4
111.036881,26.0,1.640606,4
104.759643,25.42724,1.683502,4
104.593929,25.795187,1.669039,4
104.704707,25.493586,1.673665,4
104.768318,25.524336,1.668931,4
126.490236,20.908785,1.700996,4
125.117633,20.781751,1.734092,4
130.986338,21.289104,1.708291,4
130.871127,21.210732,1.716497,4
111.00492,26.0,1.62495,4
110.640929,26.0,1.594776,4
110.818757,26.0,1.626503,4
110.803117,26.0,1.624576,4
134.842656,21.656907,1.729099,4
135.346677,21.760734,1.73581,4
133.878843,21.028989,1.748524,4
133.662583,21.282238,1.748951,4
137.785027,20.388049,1.777971,4
135.693381,21.022206,1.73995,4
153.959945,20.102241,1.816868,4
155.242672,21.291969,1.8002,4
133.644711,20.530998,1.74647,4
133.903612,18.976968,1.759091,4
133.618706,20.924956,1.752531,4
133.903469,21.28253,1.761773,4
111.883747,26.0,1.633195,4
111.9307,26.0,1.633945,4
111.830924,26.0,1.641601,4
111.841706,26.0,1.641132,4
104.810024,25.999174,1.638218,4
104.881994,25.999942,1.627483,4
104.936381,26.0,1.610225,4
105.013901,26.0,1.61739,4
133.45249,23.365041,1.744319,4
133.478611,23.421726,1.755467,4
133.747012,18.826782,1.746416,4
133.676663,18.94093,1.746411,4
102.363149,25.921678,1.611452,4
102.320437,25.940153,1.596813,4
102.686908,25.999636,1.610126,4
102.555691,25.907833,1.623113,4
104.94582,25.991194,1.618348,4
104.854928,25.993154,1.609401,4
105.313967,25.988668,1.621671,4
104.999403,25.976209,1.614484,4
138.202869,18.743587,1.789143,4
138.143162,20.323767,1.774207,4
137.832414,21.394047,1.792933,4
137.79299,21.838323,1.758959,4
141.799429,18.20634,1.807406,4
142.545183,18.532826,1.75091,4
153.149491,20.438478,1.805803,4
152.473675,20.796266,1.796538,4
111.946321,26.0,1.634894,4
111.945588,26.0,1.639524,4
111.720238,26.0,1.643017,4
111.682693,26.0,1.641849,4
104.947703,26.0,1.621167,4
105.036522,25.992898,1.638075,4
105.407313,26.0,1.60937,4
105.359688,26.0,1.608283,4
104.835346,25.951737,1.629442,4
104.838425,25.982261,1.629225,4
104.807284,25.470652,1.680218,4
104.772164,25.289428,1.686033,4
110.930509,25.696073,1.662978,4
110.621723,25.561868,1.675185,4
110.10589,25.834018,1.62456,4
110.074019,25.895546,1.626179,4
127.427458,19.035557,1.682594,4
126.088301,18.634286,1.669354,4
121.889803,20.700876,1.68838,4
122.813033,20.741442,1.694439,4
133.870501,21.695892,1.755476,4
133.259033,21.635977,1.748106,4
131.567481,21.232659,1.719913,4
131.929712,21.008297,1.723587,4
109.996742,25.962949,1.623812,4
109.978402,26.0,1.624099,4
111.157811,26.0,1.632983,4
110.919646,26.0,1.640745,4
111.275646,26.0,1.629727,4
111.531208,26.0,1.624134,4
109.984263,25.964788,1.623938,4
110.168166,25.994949,1.593321,4
132.116491,20.952737,1.730333,4
132.054793,20.978166,1.721057,4
132.262558,21.67447,1.71978,4
133.10761,21.568951,1.699315,4
114.479459,23.647935,1.681394,4
114.482386,24.196367,1.697421,4
113.774198,24.284833,1.650726,4
112.982549,24.693108,1.667383,4
128.705761,18.862264,1.746277,4
126.798173,18.423482,1.735461,4
128.148108,20.394082,1.747714,4
129.466541,20.217015,1.71582,4
147.296186,21.330178,1.747987,4
142.559161,19.528936,1.817917,4
150.51648,19.364339,1.80835,4
150.37757,21.131526,1.739457,4
133.779919,19.012872,1.742062,4
133.017105,18.469086,1.741925,4
133.845064,21.572114,1.751067,4
133.955091,21.680123,1.749118,4
113.077187,24.469756,1.663341,4
112.555456,25.12791,1.668537,4
112.249699,25.986368,1.668951,4
112.098616,25.951979,1.661712,4
111.821817,26.0,1.633442,4
111.863186,26.0,1.63302,4
111.878132,26.0,1.633887,4
111.939983,26.0,1.643421,4
111.555967,26.0,1.640535,4
111.357062,26.0,1.626483,4
111.922491,26.0,1.64599,4
111.884535,26.0,1.643892,4
104.950776,25.97731,1.617817,4
104.879602,25.955014,1.626449,4
105.037203,25.996716,1.62658,4
104.954291,25.992348,1.606474,4
108.090006,25.974446,1.628855,4
107.378702,25.777565,1.628205,4
107.218949,25.722004,1.62847,4
108.10736,25.765628,1.627839,4
133.033523,21.016849,1.724268,4
133.043941,21.682367,1.732383,4
131.335786,21.285965,1.72692,4
131.408528,20.976842,1.71073,4
133.742943,21.982942,1.748584,4
133.689352,22.524036,1.752206,4
133.346641,24.361936,1.73945,4
133.472641,23.664709,1.738836,4
